{
  "prepare_queue": {
    "installed": [],
    "uninstalled": []
  },
  "config_munge": {
    "files": {
      "res/xml/config.xml": {
        "parents": {
          "/*": [
            {
              "xml": "<feature name=\"TecholutionFaceRecognitionPlugin\"><param name=\"android-package\" value=\"cordova.plugin.techofacerecognition.TecholutionFaceRecognitionPlugin\" /></feature>",
              "count": 1
            },
            {
              "xml": "<feature name=\"Whitelist\"><param name=\"android-package\" value=\"org.apache.cordova.whitelist.WhitelistPlugin\" /><param name=\"onload\" value=\"true\" /></feature>",
              "count": 1
            },
            {
              "xml": "<feature name=\"amilateyou\"><param name=\"android-package\" value=\"cordovapluginamilateyou.amilateyou\" /></feature>",
              "count": 1
            }
          ]
        }
      },
      "AndroidManifest.xml": {
        "parents": {
          "/*": [
            {
              "xml": "<uses-permission android:name=\"android.permission.READ_CALENDAR\" />",
              "count": 1
            }
          ]
        }
      }
    }
  },
  "installed_plugins": {
    "cordova-plugin-techofacerecognition": {
      "PACKAGE_NAME": "cordova.plugin.techofacerecognition"
    },
    "cordova-plugin-whitelist": {
      "PACKAGE_NAME": "cordova.plugin.techofacerecognition"
    },
    "cordovapluginamilateyou": {
      "PACKAGE_NAME": "cordova.plugin.techofacerecognition"
    }
  },
  "dependent_plugins": {},
  "modules": [
    {
      "id": "cordova-plugin-techofacerecognition.TecholutionFaceRecognitionPlugin",
      "file": "plugins/cordova-plugin-techofacerecognition/www/TecholutionFaceRecognitionPlugin.js",
      "pluginId": "cordova-plugin-techofacerecognition",
      "clobbers": [
        "cordova.plugins"
      ]
    },
    {
      "id": "cordovapluginamilateyou.amilateyou",
      "file": "plugins/cordovapluginamilateyou/www/amilateyou.js",
      "pluginId": "cordovapluginamilateyou",
      "clobbers": [
        "cordova.plugins.amilateyou"
      ]
    }
  ],
  "plugin_metadata": {
    "cordova-plugin-techofacerecognition": "0.0.1",
    "cordova-plugin-whitelist": "1.3.3",
    "cordovapluginamilateyou": "0.0.3"
  }
}